{"cameraMode":{"drawMode":0,"name":"Shaded","section":"Shading Mode"},"sceneLighting":true,"audioPlay":false,"sceneViewState":{"m_AlwaysRefresh":false,"showFog":true,"showSkybox":true,"showFlares":true,"showImageEffects":true,"showParticleSystems":true,"showVisualEffectGraphs":true,"m_FxEnabled":true},"in2DMode":false,"pivot":{"x":-1.5838658809661866,"y":2.232846975326538,"z":2438.851806640625},"rotation":{"x":0.007443374488502741,"y":0.9844037294387817,"z":0.17061640322208405,"w":-0.04437312111258507},"size":3.7638509273529054,"orthographic":false}